project_id,project_name,address_count_90_days,low_activity_address_count_90_days,gas_fees_sum,multi_project_address_count_90_days,medium_activity_address_count_90_days,transaction_count,gas_fees_sum_6_months,returning_address_count_90_days,new_address_count_90_days,transaction_count_6_months,days_since_first_transaction,active_contract_count_90_days,high_activity_address_count_90_days,address_count
d51f7e0b-2f71-4818-b674-c9859b242a15,Test Project Huss 1,1068,787,0.593020627776043,890,50,1119,0.5993449587636913,16,924,1156,1734,5,0,1068
1575c733-bec4-4e72-8620-79b3ff67e74f,Unipig,1903,1653,1.0934404858974302,1395,139,1795,1.1214594897761546,59,1469,1871,2124,7,7,1903
7a2b2cee-7512-4b9f-9dbc-677a8fa88388,Test Project Huss 2,1500,1120,0.8024503978820304,1100,90,1550,0.8256789032145678,25,1300,1600,1850,6,3,1500
bfcecf54-5f57-42f9-80e1-613cb5cbd38d,Emery Winters,1820,1400,1.021304982739005,1280,110,1770,1.039872839467853,45,1550,1823,1940,8,5,1820
afba08a9-db09-49db-8fa3-58255bc2b528,Roary Mccoy,2105,1805,1.458729832957402,1650,160,2000,1.5123049475832204,80,1700,2101,2300,10,9,2105
3f3f5ee5-3a0b-4a46-800c-3b2a0bf203b4,Marsden Wong,1450,1180,0.793204752874035,1050,85,1400,0.811209430947523,35,1300,1455,1780,4,2,1450