project_name,address_count_90_days,low_activity_address_count_90_days,gas_fees_sum,multi_project_address_count_90_days,medium_activity_address_count_90_days,transaction_count,gas_fees_sum_6_months,returning_address_count_90_days,new_address_count_90_days,transaction_count_6_months,days_since_first_transaction,active_contract_count_90_days,high_activity_address_count_90_days,address_count
gitcoin,18,15,0.012591185028303229,7,2,222,0.011923027089844326,1,17,210,230,4,1,18
aave,2524,2505,0.010620077989055687,1339,18,3816,0.010586819171163725,0,2524,3812,303,2,0,2525
uniswap,104106,96991,1.7406694685741317,7411,6351,450009,1.7406694685741317,0,104106,450009,3,2,621,104106
zora,588,585,0.022596111924236908,248,2,706,0.021886764380688966,5,583,700,316,2,0,597
layer3xyz,22664,21996,0.23790217307363007,16674,656,59200,0.23790217307363004,4,22660,59200,162,1,1,22667
Yuri Weaver,1068,787,0.593020627776043,890,50,1119,0.5993449587636913,16,924,1156,1734,5,0,1068
Test Project Perma,1903,1653,1.0934404858974302,1395,139,1795,1.1214594897761546,59,1469,1871,2124,7,7,1903
